"Kingdom" "Phylum" "Class" "Order" "Family" "Genus" "Taxon"
"UBESTFF1" "" "" "" "" "" "" "Heterotrophic, flagellated"
"MY-ALGER" "" "" "" "" "" "" "Picoplankton"
"APHA KLE" "Bacteria" "Cyanobacteria" "Cyanophyceae" "Nostocales" "Nostocaceae" "Aphanizomenon" "Aphanizomenon flos-aquae var. klebahnii"
"ANAB LEM" "Bacteria" "Cyanobacteria" "Cyanophyceae" "Nostocales" "Nostocaceae" "Dolichospermum" "Dolichospermum lemmermannii"
"APTH BAC" "Bacteria" "Cyanobacteria" "Cyanophyceae" "Synechococcales" "Synechococcaceae" "Anathece" "Anathece bachmannii"
"CRYPTOM1" "Chromista" "Cryptophyta" "Cryptophyceae" "Cryptomonadales" "Cryptomonadaceae" "Cryptomonas" "Cryptomonas"
"CRYPTOM2" "Chromista" "Cryptophyta" "Cryptophyceae" "Cryptomonadales" "Cryptomonadaceae" "Cryptomonas" "Cryptomonas"
"CRYPTOM3" "Chromista" "Cryptophyta" "Cryptophyceae" "Cryptomonadales" "Cryptomonadaceae" "Cryptomonas" "Cryptomonas"
"CRYPTOM5" "Chromista" "Cryptophyta" "Cryptophyceae" "Cryptomonadales" "Cryptomonadaceae" "Cryptomonas" "Cryptomonas"
"RHO LAC3" "Chromista" "Cryptophyta" "Cryptophyceae" "Pyrenomonadales" "Geminigeraceae" "Plagioselmis" "Plagioselmis lacustris"
"RHOD NAN" "Chromista" "Cryptophyta" "Cryptophyceae" "Pyrenomonadales" "Geminigeraceae" "Plagioselmis" "Plagioselmis nannoplanctica"
"FRAGILA4" "Chromista" "Ochrophyta" "Bacillariophyceae" "Fragilariales" "Fragilariaceae" "Fragilaria" "Fragilaria"
"TABE FLO" "Chromista" "Ochrophyta" "Bacillariophyceae" "Tabellariales" "Tabellariaceae" "Tabellaria" "Tabellaria flocculosa"
"CYCLOTE3" "Chromista" "Ochrophyta" "Bacillariophyceae" "Thalassiosirales" "Stephanodiscaceae" "Cyclotella" "Cyclotella"
"CYCLOTE5" "Chromista" "Ochrophyta" "Bacillariophyceae" "Thalassiosirales" "Stephanodiscaceae" "Cyclotella" "Cyclotella"
"SMACHRYS" "Chromista" "Ochrophyta" "Chrysophyceae" "" "" "" "Chrysophyceae"
"STOCHRYS" "Chromista" "Ochrophyta" "Chrysophyceae" "" "" "" "Chrysophyceae"
"OCHROMOZ" "Chromista" "Ochrophyta" "Chrysophyceae" "Chromulinales" "Chromulinaceae" "Ochromonas" "Ochromonas"
"PSEU TAE" "Chromista" "Ochrophyta" "Chrysophyceae" "Chromulinales" "Dinobryaceae" "Pseudokephyrion" "Pseudokephyrion taeniatum"
"BITR CHO" "Chromista" "Ochrophyta" "Chrysophyceae" "Hibberdiales" "Stylococcaceae" "Bitrichia" "Bitrichia chodatii"
"PSEUPEDZ" "Chromista" "Ochrophyta" "Dictyochophyceae" "Pedinellales" "Pedinellaceae" "Pseudopedinella" "Pseudopedinella"
"MALLOMOZ" "Chromista" "Ochrophyta" "Synurophyceae" "Synurales" "Mallomonadaceae" "Mallomonas" "Mallomonas"
"MALL AKR" "Chromista" "Ochrophyta" "Synurophyceae" "Synurales" "Mallomonadaceae" "Mallomonas" "Mallomonas akrokomos"
"MALL CAU" "Chromista" "Ochrophyta" "Synurophyceae" "Synurales" "Mallomonadaceae" "Mallomonas" "Mallomonas caudata"
"ELAK GEN" "Plantae" "Charophyta" "Klebsormidiophyceae" "Klebsormidiales" "Elakatotrichaceae" "Elakatothrix" "Elakatothrix genevensis"
"KOLI LON" "Plantae" "Charophyta" "Trebouxiophyceae" "Prasiolales" "Koliellaceae" "Koliella" "Koliella longiseta"
"COSM ABB" "Plantae" "Charophyta" "Zygnematophyceae" "Desmidiales" "Desmidiaceae" "Cosmarium" "Cosmarium abbreviatum"
"COCCOID6" "Plantae" "Chlorophyta" "" "" "" "" "Chlorophyta"
"PEDI BOR" "Plantae" "Chlorophyta" "Chlorophyceae" "Sphaeropleales" "Hydrodictyaceae" "Pediastrum" "Pediastrum boryanum"
"TETR MIN" "Plantae" "Chlorophyta" "Chlorophyceae" "Sphaeropleales" "Hydrodictyaceae" "Tetraedron" "Tetraedron minimum"
"PLAN GEL" "Plantae" "Chlorophyta" "Chlorophyceae" "Sphaeropleales" "Neochloridaceae" "Planktosphaeria" "Planktosphaeria gelatinosa"
"COEL MIC" "Plantae" "Chlorophyta" "Chlorophyceae" "Sphaeropleales" "Scenedesmaceae" "Coelastrum" "Coelastrum microporum"
"SCEN ARM" "Plantae" "Chlorophyta" "Chlorophyceae" "Sphaeropleales" "Scenedesmaceae" "Scenedesmus" "Scenedesmus armatus"
"SCEN OBT" "Plantae" "Chlorophyta" "Chlorophyceae" "Sphaeropleales" "Scenedesmaceae" "Scenedesmus" "Scenedesmus obtusus"
"MONO DYB" "Plantae" "Chlorophyta" "Chlorophyceae" "Sphaeropleales" "Selenastraceae" "Monoraphidium" "Monoraphidium dybowskii"
"MONO GRI" "Plantae" "Chlorophyta" "Chlorophyceae" "Sphaeropleales" "Selenastraceae" "Monoraphidium" "Monoraphidium griffithii"
"QUAD PFI" "Plantae" "Chlorophyta" "Chlorophyceae" "Sphaeropleales" "Selenastraceae" "Quadrigula" "Quadrigula pfitzeri"
"SCOU COM" "Plantae" "Chlorophyta" "Pedinophyceae" "Scourfieldiales" "Scourfieldiaceae" "Scourfieldia" "Scourfieldia complanata"
"CRUL API" "Plantae" "Chlorophyta" "Trebouxiophyceae" "Chlorellales" "Oocystaceae" "Crucigeniella" "Crucigeniella apiculata"
"CRUL REC" "Plantae" "Chlorophyta" "Trebouxiophyceae" "Chlorellales" "Oocystaceae" "Crucigeniella" "Crucigeniella rectangularis"
"NEPH AGA" "Plantae" "Chlorophyta" "Trebouxiophyceae" "Chlorellales" "Oocystaceae" "Nephrocytium" "Nephrocytium agardhianum"
"OOCY BOR" "Plantae" "Chlorophyta" "Trebouxiophyceae" "Chlorellales" "Oocystaceae" "Oocystis" "Oocystis borgei"
"OOCY MAR" "Plantae" "Chlorophyta" "Trebouxiophyceae" "Chlorellales" "Oocystaceae" "Oocystis" "Oocystis marssonii"
"BOTR BRA" "Plantae" "Chlorophyta" "Trebouxiophyceae" "Trebouxiales" "Botryococcaceae" "Botryococcus" "Botryococcus braunii"
"CHRO MIN" "Bacteria" "Cyanobacteria" "Cyanophyceae" "Chroococcales" "Chroococcaceae" "Chroococcus" "Chroococcus minutus"
"WORO NAE" "Bacteria" "Cyanobacteria" "Cyanophyceae" "Chroococcales" "Gomphosphaeriaceae" "Woronichinia" "Woronichinia naegeliana"
"RADI GEM" "Bacteria" "Cyanobacteria" "Cyanophyceae" "Chroococcales" "Microcystaceae" "Radiocystis" "Radiocystis geminata"
"ANABAENA" "Bacteria" "Cyanobacteria" "Cyanophyceae" "Nostocales" "Nostocaceae" "Dolichospermum" "Dolichospermum"
"PLAN AGA" "Bacteria" "Cyanobacteria" "Cyanophyceae" "Oscillatoriales" "Phormidiaceae" "Planktothrix" "Planktothrix agardhii"
"PLAN RUB" "Bacteria" "Cyanobacteria" "Cyanophyceae" "Oscillatoriales" "Phormidiaceae" "Planktothrix" "Planktothrix rubescens"
"PSED LIM" "Bacteria" "Cyanobacteria" "Cyanophyceae" "Pseudanabaenales" "Pseudanabaenaceae" "Pseudanabaena" "Pseudanabaena limnetica"
"ROME LEO" "Bacteria" "Cyanobacteria" "Cyanophyceae" "Pseudanabaenales" "Pseudanabaenaceae" "Romeria" "Romeria leopoliensis"
"APHA DEL" "Bacteria" "Cyanobacteria" "Cyanophyceae" "Synechococcales" "Merismopediaceae" "Aphanocapsa" "Aphanocapsa delicatissima"
"SNOW LAC" "Bacteria" "Cyanobacteria" "Cyanophyceae" "Synechococcales" "Merismopediaceae" "Snowella" "Snowella lacustris"
"APTH MIN" "Bacteria" "Cyanobacteria" "Cyanophyceae" "Synechococcales" "Synechococcaceae" "Anathece" "Anathece minutissima"
"BICO MIT" "Chromista" "Bigyra" "Bicosea" "Bicosecida" "Bicosoecaceae" "Bicosoeca" "Bicosoeca mitra"
"AULA AMB" "Chromista" "Ochrophyta" "Bacillariophyceae" "Aulacoseirales" "Aulacoseiraceae" "Aulacoseira" "Aulacoseira ambigua"
"AULA GRA" "Chromista" "Ochrophyta" "Bacillariophyceae" "Aulacoseirales" "Aulacoseiraceae" "Aulacoseira" "Aulacoseira granulata"
"AULA ITA" "Chromista" "Ochrophyta" "Bacillariophyceae" "Aulacoseirales" "Aulacoseiraceae" "Aulacoseira" "Aulacoseira italica"
"AULA ITT" "Chromista" "Ochrophyta" "Bacillariophyceae" "Aulacoseirales" "Aulacoseiraceae" "Aulacoseira" "Aulacoseira italica var. tenuissima"
"NITZSCH3" "Chromista" "Ochrophyta" "Bacillariophyceae" "Bacillariales" "Bacillariaceae" "Nitzschia" "Nitzschia"
"ATTH ZAC" "Chromista" "Ochrophyta" "Bacillariophyceae" "Chaetocerotales" "Acanthocerataceae" "Acanthoceras" "Acanthoceras zachariasii"
"ASTE FOR" "Chromista" "Ochrophyta" "Bacillariophyceae" "Fragilariales" "Fragilariaceae" "Asterionella" "Asterionella formosa"
"FRAG UAN" "Chromista" "Ochrophyta" "Bacillariophyceae" "Fragilariales" "Fragilariaceae" "Ulnaria" "Ulnaria delicatissima var. angustissima"
"FRAG UUL" "Chromista" "Ochrophyta" "Bacillariophyceae" "Fragilariales" "Fragilariaceae" "Ulnaria" "Ulnaria ulna"
"RHIZ ERI" "Chromista" "Ochrophyta" "Bacillariophyceae" "Rhizosoleniales" "Rhizosoleniaceae" "Urosolenia" "Urosolenia eriensis"
"RHIZ LON" "Chromista" "Ochrophyta" "Bacillariophyceae" "Rhizosoleniales" "Rhizosoleniaceae" "Urosolenia" "Urosolenia longiseta"
"TABE FLA" "Chromista" "Ochrophyta" "Bacillariophyceae" "Tabellariales" "Tabellariaceae" "Tabellaria" "Tabellaria flocculosa var. asterionelloides"
"CYCLOTE6" "Chromista" "Ochrophyta" "Bacillariophyceae" "Thalassiosirales" "Stephanodiscaceae" "Cyclotella" "Cyclotella"
"DINO BAV" "Chromista" "Ochrophyta" "Chrysophyceae" "Chromulinales" "Dinobryaceae" "Dinobryon" "Dinobryon bavaricum"
"GONY SEM" "Chromista" "Ochrophyta" "Raphidophyceae" "Chattonellales" "Vacuolariaceae" "Gonyostomum" "Gonyostomum semen"
"CLOS ACV" "Plantae" "Charophyta" "Zygnematophyceae" "Desmidiales" "Closteriaceae" "Closterium" "Closterium acutum var. variabile"
"CLOS GRA" "Plantae" "Charophyta" "Zygnematophyceae" "Desmidiales" "Closteriaceae" "Closterium" "Closterium gracile"
"SPON PLA" "Plantae" "Charophyta" "Zygnematophyceae" "Desmidiales" "Desmidiaceae" "Spondylosium" "Spondylosium planum"
"STAU CIO" "Plantae" "Charophyta" "Zygnematophyceae" "Desmidiales" "Desmidiaceae" "Staurastrum" "Staurastrum cingulum var. obesum"
"STAU PIN" "Plantae" "Charophyta" "Zygnematophyceae" "Desmidiales" "Desmidiaceae" "Staurastrum" "Staurastrum pingue"
"STAU TET" "Plantae" "Charophyta" "Zygnematophyceae" "Desmidiales" "Desmidiaceae" "Staurastrum" "Staurastrum tetracerum"
"TEIL GRA" "Plantae" "Charophyta" "Zygnematophyceae" "Desmidiales" "Desmidiaceae" "Teilingia" "Teilingia granulata"
"MOUGEOT4" "Plantae" "Charophyta" "Zygnematophyceae" "Zygnematales" "Zygnemataceae" "Mougeotia" "Mougeotia"
"COCCOID5" "Plantae" "Chlorophyta" "" "" "" "" "Chlorophyta"
"CHLAMYD1" "Plantae" "Chlorophyta" "Chlorophyceae" "Chlamydomonadales" "Chlamydomonadaceae" "Chlamydomonas" "Chlamydomonas"
"ANKY LAN" "Plantae" "Chlorophyta" "Chlorophyceae" "Sphaeropleales" "Characiaceae" "Ankyra" "Ankyra lanceolata"
"PEDI PRI" "Plantae" "Chlorophyta" "Chlorophyceae" "Sphaeropleales" "Hydrodictyaceae" "Pediastrum" "Pediastrum privum"
"PEDI TET" "Plantae" "Chlorophyta" "Chlorophyceae" "Sphaeropleales" "Hydrodictyaceae" "Pediastrum" "Pediastrum tetras"
"SCEN BIL" "Plantae" "Chlorophyta" "Chlorophyceae" "Sphaeropleales" "Scenedesmaceae" "Scenedesmus" "Scenedesmus bicellularis"
"SCEN OBL" "Plantae" "Chlorophyta" "Chlorophyceae" "Sphaeropleales" "Scenedesmaceae" "Scenedesmus" "Scenedesmus dimorphus"
"QUAD CLO" "Plantae" "Chlorophyta" "Chlorophyceae" "Sphaeropleales" "Selenastraceae" "Quadrigula" "Quadrigula closterioides"
"GYRO COR" "Plantae" "Chlorophyta" "Prasinophyceae" "Pyramimonadales" "Polyblepharidaceae" "Gyromitus" "Gyromitus cordiformis"
"DICT PUL" "Plantae" "Chlorophyta" "Trebouxiophyceae" "Chlorellales" "Chlorellaceae" "Dictyosphaerium" "Dictyosphaerium pulchellum"
"GLOT SUB" "Plantae" "Chlorophyta" "Trebouxiophyceae" "Chlorellales" "Chlorellaceae" "Gloeotila" "Gloeotila subconstricta"
"OOCY PAR" "Plantae" "Chlorophyta" "Trebouxiophyceae" "Chlorellales" "Oocystaceae" "Oocystis" "Oocystis parva"
"BOTR PRO" "Plantae" "Chlorophyta" "Trebouxiophyceae" "Trebouxiales" "Botryococcaceae" "Botryococcus" "Botryococcus protuberans"
"TRAC OBL" "Protozoa" "Euglenozoa" "Euglenophyceae" "Euglenales" "Euglenaceae" "Trachelomonas" "Trachelomonas oblonga"
"TRAC VOP" "Protozoa" "Euglenozoa" "Euglenophyceae" "Euglenales" "Euglenaceae" "Trachelomonas" "Trachelomonas volvocinopsis"
"CERA HIR" "Protozoa" "Myzozoa" "Dinophyceae" "Gonyaulacales" "Ceratiaceae" "Ceratium" "Ceratium hirundinella"
"GYMNOD30" "Protozoa" "Myzozoa" "Dinophyceae" "Gymnodiniales" "Gymnodiniaceae" "Gymnodinium" "Gymnodinium"
"PERI WIL" "Protozoa" "Myzozoa" "Dinophyceae" "Peridiniales" "Peridiniaceae" "Peridinium" "Peridinium willei"
"MERI TEN" "Bacteria" "Cyanobacteria" "Cyanophyceae" "Synechococcales" "Merismopediaceae" "Merismopedia" "Merismopedia tenuissima"
"CRYPTOM7" "Chromista" "Cryptophyta" "Cryptophyceae" "Cryptomonadales" "Cryptomonadaceae" "Cryptomonas" "Cryptomonas"
"CRYPTOM8" "Chromista" "Cryptophyta" "Cryptophyceae" "Cryptomonadales" "Cryptomonadaceae" "Cryptomonas" "Cryptomonas"
"AULA ALP" "Chromista" "Ochrophyta" "Bacillariophyceae" "Aulacoseirales" "Aulacoseiraceae" "Aulacoseira" "Aulacoseira alpigena"
"NITZSCH2" "Chromista" "Ochrophyta" "Bacillariophyceae" "Bacillariales" "Bacillariaceae" "Nitzschia" "Nitzschia"
"CHROMUL" "Chromista" "Ochrophyta" "Chrysophyceae" "Chromulinales" "Chromulinaceae" "Chromulina" "Chromulina"
"CHRCOCCZ" "Chromista" "Ochrophyta" "Chrysophyceae" "Chromulinales" "Dinobryaceae" "Chrysococcus" "Chrysococcus"
"CHRK PLA" "Chromista" "Ochrophyta" "Chrysophyceae" "Chromulinales" "Dinobryaceae" "Chrysolykos" "Chrysolykos planctonicus"
"DINOBRYZ" "Chromista" "Ochrophyta" "Chrysophyceae" "Chromulinales" "Dinobryaceae" "Dinobryon" "Dinobryon"
"DINO BOR" "Chromista" "Ochrophyta" "Chrysophyceae" "Chromulinales" "Dinobryaceae" "Dinobryon" "Dinobryon borgei"
"DINO CRE" "Chromista" "Ochrophyta" "Chrysophyceae" "Chromulinales" "Dinobryaceae" "Dinobryon" "Dinobryon crenulatum"
"DINO KOR" "Chromista" "Ochrophyta" "Chrysophyceae" "Chromulinales" "Dinobryaceae" "Dinobryon" "Dinobryon korshikovii"
"KEPH OVA" "Chromista" "Ochrophyta" "Chrysophyceae" "Chromulinales" "Dinobryaceae" "Kephyrion" "Kephyrion ovale"
"PSEU ALA" "Chromista" "Ochrophyta" "Chrysophyceae" "Chromulinales" "Dinobryaceae" "Pseudokephyrion" "Pseudokephyrion alaskanum"
"SPINIFEZ" "Chromista" "Ochrophyta" "Synurophyceae" "Synurales" "Synuraceae" "Spiniferomonas" "Spiniferomonas"
"EUAS INS" "Plantae" "Charophyta" "Zygnematophyceae" "Desmidiales" "Desmidiaceae" "Euastrum" "Euastrum insulare"
"CHLAMYD2" "Plantae" "Chlorophyta" "Chlorophyceae" "Chlamydomonadales" "Chlamydomonadaceae" "Chlamydomonas" "Chlamydomonas"
"CHLAMYD4" "Plantae" "Chlorophyta" "Chlorophyceae" "Chlamydomonadales" "Chlamydomonadaceae" "Chlamydomonas" "Chlamydomonas"
"POLY GRA" "Plantae" "Chlorophyta" "Chlorophyceae" "Chlamydomonadales" "Chlamydomonadaceae" "Polytoma" "Polytoma granuliferum"
"SCEN BRE" "Plantae" "Chlorophyta" "Chlorophyceae" "Sphaeropleales" "Scenedesmaceae" "Scenedesmus" "Scenedesmus brevispina"
"CRASPEDO" "Protozoa" "Choanozoa" "Choanoflagellatea" "" "" "" "Choanoflagellatea"
"GYMNODI1" "Protozoa" "Myzozoa" "Dinophyceae" "Gymnodiniales" "Gymnodiniaceae" "Gymnodinium" "Gymnodinium"
"PERI UMB" "Protozoa" "Myzozoa" "Dinophyceae" "Peridiniales" "Peridiniaceae" "Peridinium" "Peridinium inconspicuum"
"COEL KUT" "Bacteria" "Cyanobacteria" "Cyanophyceae" "Synechococcales" "Merismopediaceae" "Coelosphaerium" "Coelosphaerium kuetzingianum"
"CRYPTOM9" "Chromista" "Cryptophyta" "Cryptophyceae" "Cryptomonadales" "Cryptomonadaceae" "Cryptomonas" "Cryptomonas"
"STEPHANZ" "Chromista" "Ochrophyta" "Bacillariophyceae" "Thalassiosirales" "Stephanodiscaceae" "Stephanodiscus" "Stephanodiscus"
"CHRC RUF" "Chromista" "Ochrophyta" "Chrysophyceae" "Chromulinales" "Dinobryaceae" "Chrysococcus" "Chrysococcus rufescens"
"DINO DIV" "Chromista" "Ochrophyta" "Chrysophyceae" "Chromulinales" "Dinobryaceae" "Dinobryon" "Dinobryon divergens"
"SYNURA 1" "Chromista" "Ochrophyta" "Synurophyceae" "Synurales" "Mallomonadaceae" "Synura" "Synura"
"STIC SUB" "Plantae" "Charophyta" "Klebsormidiophyceae" "Klebsormidiales" "Klebsormidiaceae" "Klebsormidium" "Klebsormidium subtile"
"COSM BLY" "Plantae" "Charophyta" "Zygnematophyceae" "Desmidiales" "Desmidiaceae" "Cosmarium" "Cosmarium blyttii"
"COSM DPL" "Plantae" "Charophyta" "Zygnematophyceae" "Desmidiales" "Desmidiaceae" "Cosmarium" "Cosmarium depressum var. planctonicum"
"COSM PHA" "Plantae" "Charophyta" "Zygnematophyceae" "Desmidiales" "Desmidiaceae" "Cosmarium" "Cosmarium phaseolus"
"STAD LEP" "Plantae" "Charophyta" "Zygnematophyceae" "Desmidiales" "Desmidiaceae" "Staurodesmus" "Staurodesmus leptodermus"
"COCCOID7" "Plantae" "Chlorophyta" "" "" "" "" "Chlorophyta"
"UBESTELI" "Plantae" "Chlorophyta" "" "" "" "" "Chlorophyta"
"CHLAMYD6" "Plantae" "Chlorophyta" "Chlorophyceae" "Chlamydomonadales" "Chlamydomonadaceae" "Chlamydomonas" "Chlamydomonas"
"SCEN ACL" "Plantae" "Chlorophyta" "Chlorophyceae" "Sphaeropleales" "Scenedesmaceae" "Scenedesmus" "Scenedesmus aculeolatus"
"SCEN DIS" "Plantae" "Chlorophyta" "Chlorophyceae" "Sphaeropleales" "Scenedesmaceae" "Scenedesmus" "Scenedesmus dispar"
"ASTE LIM" "Plantae" "Chlorophyta" "Chlorophyceae" "Tetrasporales" "Palmellopsidaceae" "Asterococcus" "Asterococcus limneticus"
"PAUL PSE" "Plantae" "Chlorophyta" "Chlorophyceae" "Tetrasporales" "Tetrasporaceae" "Paulschulzia" "Paulschulzia pseudovolvox"
"EUGL PRO" "Protozoa" "Euglenozoa" "Euglenophyceae" "Euglenales" "Euglenaceae" "Euglena" "Euglena proxima"
"TRAC HIS" "Protozoa" "Euglenozoa" "Euglenophyceae" "Euglenales" "Euglenaceae" "Trachelomonas" "Trachelomonas hispida"
"GYMNODI5" "Protozoa" "Myzozoa" "Dinophyceae" "Gymnodiniales" "Gymnodiniaceae" "Gymnodinium" "Gymnodinium"
"ANABAENC" "Bacteria" "Cyanobacteria" "Cyanophyceae" "Nostocales" "Nostocaceae" "Dolichospermum" "Dolichospermum coiled types"
"ANABAENS" "Bacteria" "Cyanobacteria" "Cyanophyceae" "Nostocales" "Nostocaceae" "Dolichospermum" "Dolichospermum straight types"
"APHA ELA" "Bacteria" "Cyanobacteria" "Cyanophyceae" "Synechococcales" "Merismopediaceae" "Aphanocapsa" "Aphanocapsa elachista"
"CHRYCOCZ" "Chromista" "Ochrophyta" "Chrysophyceae" "Chromulinales" "Dinobryaceae" "Chrysococcus" "Chrysococcus"
"CHRK SKU" "Chromista" "Ochrophyta" "Chrysophyceae" "Chromulinales" "Dinobryaceae" "Chrysolykos" "Chrysolykos skujae"
"DINO DIL" "Chromista" "Ochrophyta" "Chrysophyceae" "Chromulinales" "Dinobryaceae" "Dinobryon" "Dinobryon dillonii"
"COSM HUM" "Plantae" "Charophyta" "Zygnematophyceae" "Desmidiales" "Desmidiaceae" "Cosmarium" "Cosmarium humile"
"COSM SUT" "Plantae" "Charophyta" "Zygnematophyceae" "Desmidiales" "Desmidiaceae" "Cosmarium" "Cosmarium subtumitum"
"STAU ALT" "Plantae" "Charophyta" "Zygnematophyceae" "Desmidiales" "Desmidiaceae" "Staurastrum" "Staurastrum alternans"
"COCCOID8" "Plantae" "Chlorophyta" "" "" "" "" "Chlorophyta"
"POLYTOMZ" "Plantae" "Chlorophyta" "Chlorophyceae" "Chlamydomonadales" "Chlamydomonadaceae" "Polytoma" "Polytoma"
"AULO PUR" "Protozoa" "Choanozoa" "Choanoflagellatea" "Craspedida" "Salpingoecaceae" "Aulomonas" "Aulomonas purdyi"
"GYMNOD12" "Protozoa" "Myzozoa" "Dinophyceae" "Gymnodiniales" "Gymnodiniaceae" "Gymnodinium" "Gymnodinium"
"GYMNODI2" "Protozoa" "Myzozoa" "Dinophyceae" "Gymnodiniales" "Gymnodiniaceae" "Gymnodinium" "Gymnodinium"
"PERIDINZ" "Protozoa" "Myzozoa" "Dinophyceae" "Peridiniales" "Peridiniaceae" "Peridinium" "Peridinium"
"KATA OVA" "Chromista" "Cryptophyta" "incertae sedis" "incertae sedis" "Katablepharidaceae" "Katablepharis" "Katablepharis ovalis"
"CHRS PAR" "Chromista" "Haptophyta" "Prymnesiophyceae" "Prymnesiales" "Chrysochromulinaceae" "Chrysochromulina" "Chrysochromulina parva"
"EUNO ZAS" "Chromista" "Ochrophyta" "Bacillariophyceae" "Eunotiales" "Eunotiaceae" "Eunotia" "Eunotia zasuminensis"
"CHROMUL2" "Chromista" "Ochrophyta" "Chrysophyceae" "Chromulinales" "Chromulinaceae" "Chromulina" "Chromulina"
"LOSEDINO" "Chromista" "Ochrophyta" "Chrysophyceae" "Chromulinales" "Dinobryaceae" "Dinobryon" "Dinobryon"
"DINO BVV" "Chromista" "Ochrophyta" "Chrysophyceae" "Chromulinales" "Dinobryaceae" "Dinobryon" "Dinobryon bavaricum var. vanhoeffenii"
"DINO SUL" "Chromista" "Ochrophyta" "Chrysophyceae" "Chromulinales" "Dinobryaceae" "Dinobryon" "Dinobryon suecicum var. longispinum"
"EPIP POL" "Chromista" "Ochrophyta" "Chrysophyceae" "Chromulinales" "Dinobryaceae" "Epipyxis" "Epipyxis polymorpha"
"KEPH BOR" "Chromista" "Ochrophyta" "Chrysophyceae" "Chromulinales" "Dinobryaceae" "Kephyrion" "Kephyrion boreale"
"CHYS LON" "Chromista" "Ochrophyta" "Chrysophyceae" "Chromulinales" "Paraphysomonadaceae" "Chrysosphaerella" "Chrysosphaerella longispina"
"SYNURA 2" "Chromista" "Ochrophyta" "Synurophyceae" "Synurales" "Mallomonadaceae" "Synura" "Synura"
"ELAK GL2" "Plantae" "Charophyta" "Klebsormidiophyceae" "Klebsormidiales" "Elakatotrichaceae" "Elakatothrix" "Elakatothrix gelatinosa"
"COSMBIOD" "Plantae" "Charophyta" "Zygnematophyceae" "Desmidiales" "Desmidiaceae" "Cosmarium" "Cosmarium bioculatum var. depressum"
"STAU ANA" "Plantae" "Charophyta" "Zygnematophyceae" "Desmidiales" "Desmidiaceae" "Staurastrum" "Staurastrum anatinum"
"STAU LON" "Plantae" "Charophyta" "Zygnematophyceae" "Desmidiales" "Desmidiaceae" "Staurastrum" "Staurastrum longipes"
"STA CUS" "Plantae" "Charophyta" "Zygnematophyceae" "Desmidiales" "Desmidiaceae" "Staurodesmus" "Staurodesmus cuspidatus"
"STAD EXT" "Plantae" "Charophyta" "Zygnematophyceae" "Desmidiales" "Desmidiaceae" "Staurodesmus" "Staurodesmus extensus"
"TRAC VOL" "Protozoa" "Euglenozoa" "Euglenophyceae" "Euglenales" "Euglenaceae" "Trachelomonas" "Trachelomonas volvocina"
"PARA CON" "Protozoa" "Flagellata" "Incertae sedis" "Incertae sedis" "Paramastigaceae" "Paramastix" "Paramastix conifera"
"GYMNODI8" "Protozoa" "Myzozoa" "Dinophyceae" "Gymnodiniales" "Gymnodiniaceae" "Gymnodinium" "Gymnodinium"
"GYMN FUS" "Protozoa" "Myzozoa" "Dinophyceae" "Gymnodiniales" "Gymnodiniaceae" "Gymnodinium" "Gymnodinium fuscum"
"PERI EDA" "Protozoa" "Myzozoa" "Dinophyceae" "Peridiniales" "Peridiniaceae" "Peridiniopsis" "Peridiniopsis edax"
"AULA DIS" "Chromista" "Ochrophyta" "Bacillariophyceae" "Aulacoseirales" "Aulacoseiraceae" "Aulacoseira" "Aulacoseira distans"
"FRAG NAN" "Chromista" "Ochrophyta" "Bacillariophyceae" "Fragilariales" "Fragilariaceae" "Fragilaria" "Fragilaria nanana"
"KEPHYRIZ" "Chromista" "Ochrophyta" "Chrysophyceae" "Chromulinales" "Dinobryaceae" "Kephyrion" "Kephyrion"
"MALL REG" "Chromista" "Ochrophyta" "Synurophyceae" "Synurales" "Mallomonadaceae" "Mallomonas" "Mallomonas punctifera"
"COCCOID9" "Plantae" "Chlorophyta" "" "" "" "" "Chlorophyta"
"SCEN ARC" "Plantae" "Chlorophyta" "Chlorophyceae" "Sphaeropleales" "Scenedesmaceae" "Scenedesmus" "Scenedesmus arcuatus"
"MONO CON" "Plantae" "Chlorophyta" "Chlorophyceae" "Sphaeropleales" "Selenastraceae" "Monoraphidium" "Monoraphidium contortum"
"SPHA SCH" "Plantae" "Chlorophyta" "Chlorophyceae" "Tetrasporales" "Sphaerocystidaceae" "Sphaerocystis" "Sphaerocystis schroeteri"
"FRAN OVA" "Plantae" "Chlorophyta" "Trebouxiophyceae" "Chlorellales" "Oocystaceae" "Franceia" "Franceia ovalis"
"UBESTDI2" "Protozoa" "Myzozoa" "Dinophyceae" "" "" "" "Dinophyceae"
"TELONEM2" "Protozoa" "Telonemia" "Incertae sedis" "Incertae sedis" "Incertae sedis" "Telonema" "Telonema (Limnotelonema)"
"LIMN RED" "Bacteria" "Cyanobacteria" "Cyanophyceae" "Pseudanabaenales" "Pseudanabaenaceae" "Limnothrix" "Limnothrix redekei"
"FRAGILAZ" "Chromista" "Ochrophyta" "Bacillariophyceae" "Fragilariales" "Fragilariaceae" "Fragilaria" "Fragilaria"
"FRAG UAC" "Chromista" "Ochrophyta" "Bacillariophyceae" "Fragilariales" "Fragilariaceae" "Ulnaria" "Ulnaria acus"
"OCHROMO3" "Chromista" "Ochrophyta" "Chrysophyceae" "Chromulinales" "Chromulinaceae" "Ochromonas" "Ochromonas"
"CHRYSAMO" "Chromista" "Ochrophyta" "Chrysophyceae" "Chromulinales" "Chrysamoebaceae" "Chrysamoeba" "Chrysamoeba"
"KEPH LIT" "Chromista" "Ochrophyta" "Chrysophyceae" "Chromulinales" "Dinobryaceae" "Kephyrion" "Kephyrion littorale"
"CHRP LON" "Chromista" "Ochrophyta" "Chrysophyceae" "Chromulinales" "Paraphysomonadaceae" "Chrysosphaerella" "Chrysosphaerella longispina"
"COSM BIO" "Plantae" "Charophyta" "Zygnematophyceae" "Desmidiales" "Desmidiaceae" "Cosmarium" "Cosmarium bioculatum"
"OOCY LAC" "Plantae" "Chlorophyta" "Trebouxiophyceae" "Chlorellales" "Oocystaceae" "Oocystis" "Oocystis lacustris"
"UBESTAXX" "" "" "" "" "" "" "Phytoplankton, unidentified"
"APHANOCZ" "Bacteria" "Cyanobacteria" "Cyanophyceae" "Synechococcales" "Merismopediaceae" "Aphanocapsa" "Aphanocapsa"
"MERD CIR" "Chromista" "Ochrophyta" "Bacillariophyceae" "Fragilariales" "Fragilariaceae" "Meridion" "Meridion circulare"
"CHLAMYD3" "Plantae" "Chlorophyta" "Chlorophyceae" "Chlamydomonadales" "Chlamydomonadaceae" "Chlamydomonas" "Chlamydomonas"
"SCEN ECO" "Plantae" "Chlorophyta" "Chlorophyceae" "Sphaeropleales" "Scenedesmaceae" "Scenedesmus" "Scenedesmus ecornis"
"TETS STA" "Plantae" "Chlorophyta" "Chlorophyceae" "Sphaeropleales" "Scenedesmaceae" "Tetrastrum" "Tetrastrum staurogeniaeforme"
"KERA SUE" "Plantae" "Chlorophyta" "Trebouxiophyceae" "Chlorellales" "Chlorellaceae" "Keratococcus" "Keratococcus suecicus"
"CRYPTOM4" "Chromista" "Cryptophyta" "Cryptophyceae" "Pyrenomonadales" "Chroomonadaceae" "Chroomonas" "Chroomonas"
"TRAC RUG" "Protozoa" "Euglenozoa" "Euglenophyceae" "Euglenales" "Euglenaceae" "Trachelomonas" "Trachelomonas rugulosa"
"ACHN MIN" "Chromista" "Ochrophyta" "Bacillariophyceae" "Achnanthales" "Achnanthidiaceae" "Achnanthidium" "Achnanthidium minutissimum"
"FRAGILA1" "Chromista" "Ochrophyta" "Bacillariophyceae" "Fragilariales" "Fragilariaceae" "Fragilaria" "Fragilaria"
"DINO CYL" "Chromista" "Ochrophyta" "Chrysophyceae" "Chromulinales" "Dinobryaceae" "Dinobryon" "Dinobryon cylindricum"
"GYMNODI3" "Protozoa" "Myzozoa" "Dinophyceae" "Gymnodiniales" "Gymnodiniaceae" "Gymnodinium" "Gymnodinium"
"BICO PLA" "Chromista" "Bigyra" "Bicosea" "Bicosecida" "Bicosoecaceae" "Bicosoeca" "Bicosoeca planctonica"
"FRAG CRO" "Chromista" "Ochrophyta" "Bacillariophyceae" "Fragilariales" "Fragilariaceae" "Fragilaria" "Fragilaria crotonensis"
"STAU PLA" "Plantae" "Charophyta" "Zygnematophyceae" "Desmidiales" "Desmidiaceae" "Staurastrum" "Staurastrum planctonicum"
"OCTA BIF" "Plantae" "Charophyta" "Zygnematophyceae" "Desmidiales" "Desmidiaceae" "Octacanthium" "Octacanthium bifidum"
"RHAB GLO" "Bacteria" "Cyanobacteria" "Cyanophyceae" "Synechococcales" "Synechococcaceae" "Rhabdogloea" "Rhabdogloea smithii"
"STIC DOE" "Chromista" "Ochrophyta" "Phaeothamniophyceae" "Phaeothamniales" "Phaeothamniaceae" "Stichogloea" "Stichogloea doederleinii"
"COCCOID3" "Plantae" "Chlorophyta" "" "" "" "" "Chlorophyta"
"RADI PLA" "Plantae" "Chlorophyta" "Chlorophyceae" "Sphaeropleales" "Radiococcaceae" "Radiococcus" "Radiococcus planktonicus"
"PSEA LIM" "Bacteria" "Cyanobacteria" "Cyanophyceae" "Pseudanabaenales" "Pseudanabaenaceae" "Pseudanabaena" "Pseudanabaena limnetica"
"MERI PUN" "Bacteria" "Cyanobacteria" "Cyanophyceae" "Synechococcales" "Merismopediaceae" "Merismopedia" "Merismopedia punctata"
"CHROMULZ" "Chromista" "Ochrophyta" "Chrysophyceae" "Chromulinales" "Chromulinaceae" "Chromulina" "Chromulina"
"COSM DEP" "Plantae" "Charophyta" "Zygnematophyceae" "Desmidiales" "Desmidiaceae" "Cosmarium" "Cosmarium depressum"
"EUAS DEN" "Plantae" "Charophyta" "Zygnematophyceae" "Desmidiales" "Desmidiaceae" "Euastrum" "Euastrum denticulatum"
"AULA ISL" "Chromista" "Ochrophyta" "Bacillariophyceae" "Aulacoseirales" "Aulacoseiraceae" "Aulacoseira" "Aulacoseira islandica"
"STAU CIN" "Plantae" "Charophyta" "Zygnematophyceae" "Desmidiales" "Desmidiaceae" "Staurastrum" "Staurastrum cingulum"
"ANKY JUD" "Plantae" "Chlorophyta" "Chlorophyceae" "Sphaeropleales" "Characiaceae" "Ankyra" "Ankyra judayi"
"CYCLOTEZ" "Chromista" "Ochrophyta" "Bacillariophyceae" "Thalassiosirales" "Stephanodiscaceae" "Cyclotella" "Cyclotella"
"STAU PSE" "Plantae" "Charophyta" "Zygnematophyceae" "Desmidiales" "Desmidiaceae" "Staurastrum" "Staurastrum pseudopelagicum"
"OOCY RHO" "Plantae" "Chlorophyta" "Trebouxiophyceae" "Chlorellales" "Oocystaceae" "Oocystis" "Oocystis rhomboidea"
"GYMN HEL" "Protozoa" "Myzozoa" "Dinophyceae" "Gymnodiniales" "Gymnodiniaceae" "Gymnodinium" "Gymnodinium helveticum"
"PERI GOS" "Protozoa" "Myzozoa" "Dinophyceae" "Peridiniales" "Peridiniaceae" "Peridinium" "Peridinium umbonatum var. goslaviense"
"CYANOBA2" "Bacteria" "Cyanobacteria" "Cyanophyceae" "" "" "" "Cyanophyceae"
"DINO SER" "Chromista" "Ochrophyta" "Chrysophyceae" "Chromulinales" "Dinobryaceae" "Dinobryon" "Dinobryon sertularia"
"SCHR SET" "Plantae" "Chlorophyta" "Chlorophyceae" "Sphaeropleales" "Characiaceae" "Schroederia" "Schroederia setigera"
"CRUC TET" "Plantae" "Chlorophyta" "Trebouxiophyceae" "Incertae sedis" "Incertae sedis" "Crucigenia" "Crucigenia tetrapedia"
"WOLO COR" "Protozoa" "Myzozoa" "Dinophyceae" "Gymnodiniales" "Tovelliaceae" "Tovellia" "Tovellia coronata"
"CHRC COR" "Chromista" "Ochrophyta" "Chrysophyceae" "Chromulinales" "Dinobryaceae" "Chrysococcus" "Chrysococcus cordiformis"
"EUTE FOT" "Plantae" "Chlorophyta" "Chlorophyceae" "Sphaeropleales" "Radiococcaceae" "Coenochloris" "Coenochloris fottii"
"MOUGEOT2" "Plantae" "Charophyta" "Zygnematophyceae" "Zygnematales" "Zygnemataceae" "Mougeotia" "Mougeotia"
"CRYPTO11" "Chromista" "Cryptophyta" "Cryptophyceae" "Cryptomonadales" "Cryptomonadaceae" "Cryptomonas" "Cryptomonas"
"DINO SOA" "Chromista" "Ochrophyta" "Chrysophyceae" "Chromulinales" "Dinobryaceae" "Dinobryon" "Dinobryon sociale var. americanum"
"NITZ PAL" "Chromista" "Ochrophyta" "Bacillariophyceae" "Bacillariales" "Bacillariaceae" "Nitzschia" "Nitzschia paleacea"
"NITZ VER" "Chromista" "Ochrophyta" "Bacillariophyceae" "Bacillariales" "Bacillariaceae" "Nitzschia" "Nitzschia vermicularis"
"UROG AME" "Chromista" "Ochrophyta" "Chrysophyceae" "Chromulinales" "Chromulinaceae" "Uroglenopsis" "Uroglenopsis americana"
"COCCOCYA" "Bacteria" "Cyanobacteria" "Cyanophyceae" "Chroococcales" "" "" "Chroococcales"
"APTH CLA" "Bacteria" "Cyanobacteria" "Cyanophyceae" "Synechococcales" "Synechococcaceae" "Anathece" "Anathece clathrata"
"AULACOSZ" "Chromista" "Ochrophyta" "Bacillariophyceae" "Aulacoseirales" "Aulacoseiraceae" "Aulacoseira" "Aulacoseira"
"MALL ALL" "Chromista" "Ochrophyta" "Synurophyceae" "Synurales" "Mallomonadaceae" "Mallomonas" "Mallomonas allorgei"
"SYNURASP" "Chromista" "Ochrophyta" "Synurophyceae" "Synurales" "Mallomonadaceae" "Synura" "Synura"
"PERIDI25" "Protozoa" "Myzozoa" "Dinophyceae" "Peridiniales" "Peridiniaceae" "Peridinium" "Peridinium"
"PLAN LIM" "Bacteria" "Cyanobacteria" "Cyanophyceae" "Pseudanabaenales" "Pseudanabaenaceae" "Planktolyngbya" "Planktolyngbya limnetica"
"STAU CHA" "Plantae" "Charophyta" "Zygnematophyceae" "Desmidiales" "Desmidiaceae" "Staurastrum" "Staurastrum chaetoceras"
"STAU PAR" "Plantae" "Charophyta" "Zygnematophyceae" "Desmidiales" "Desmidiaceae" "Staurastrum" "Staurastrum paradoxum"
"PEDI DUP" "Plantae" "Chlorophyta" "Chlorophyceae" "Sphaeropleales" "Hydrodictyaceae" "Pediastrum" "Pediastrum duplex"
"DIMO LUN" "Plantae" "Chlorophyta" "Chlorophyceae" "Sphaeropleales" "Scenedesmaceae" "Dimorphococcus" "Dimorphococcus lunatus"
"EUDO ELE" "Plantae" "Chlorophyta" "Chlorophyceae" "Volvocales" "Volvocaceae" "Eudorina" "Eudorina elegans"
"PAND MOR" "Plantae" "Chlorophyta" "Chlorophyceae" "Volvocales" "Volvocaceae" "Pandorina" "Pandorina morum"
"CERA FUR" "Protozoa" "Myzozoa" "Dinophyceae" "Gonyaulacales" "Ceratiaceae" "Ceratium" "Ceratium furcoides"
"PERI PEN" "Protozoa" "Myzozoa" "Dinophyceae" "Peridiniales" "Peridiniaceae" "Peridiniopsis" "Peridiniopsis penardiforme"
"LEPTOLZ" "Bacteria" "Cyanobacteria" "Cyanophyceae" "Pseudanabaenales" "Pseudanabaenaceae" "Leptolyngbya" "Leptolyngbya"
"CHRD CAT" "Chromista" "Ochrophyta" "Chrysophyceae" "Chromulinales" "Chrysamoebaceae" "Chrysidiastrum" "Chrysidiastrum catenatum"
"DINO DIS" "Chromista" "Ochrophyta" "Chrysophyceae" "Chromulinales" "Dinobryaceae" "Dinobryon" "Dinobryon divergens var. schauinslandii"
"STAD TRI" "Plantae" "Charophyta" "Zygnematophyceae" "Desmidiales" "Desmidiaceae" "Staurodesmus" "Staurodesmus triangularis"
"DINO CYP" "Chromista" "Ochrophyta" "Chrysophyceae" "Chromulinales" "Dinobryaceae" "Dinobryon" "Dinobryon cylindricum var. palustre"
"DINO SOC" "Chromista" "Ochrophyta" "Chrysophyceae" "Chromulinales" "Dinobryaceae" "Dinobryon" "Dinobryon sociale"
"COSM IMP" "Plantae" "Charophyta" "Zygnematophyceae" "Desmidiales" "Desmidiaceae" "Cosmarium" "Cosmarium impressulum"
"ARTH OCT" "Plantae" "Charophyta" "Zygnematophyceae" "Desmidiales" "Desmidiaceae" "Octacanthium" "Octacanthium octocorne"
"STA CRAS" "Plantae" "Charophyta" "Zygnematophyceae" "Desmidiales" "Desmidiaceae" "Staurodesmus" "Staurodesmus crassus"
"STAD INR" "Plantae" "Charophyta" "Zygnematophyceae" "Desmidiales" "Desmidiaceae" "Staurodesmus" "Staurodesmus incus var. ralfsii"
"STAD MAL" "Plantae" "Charophyta" "Zygnematophyceae" "Desmidiales" "Desmidiaceae" "Staurodesmus" "Staurodesmus mamillatus"
"CHLAMYDZ" "Plantae" "Chlorophyta" "Chlorophyceae" "Chlamydomonadales" "Chlamydomonadaceae" "Chlamydomonas" "Chlamydomonas"
"ANKYRASP" "Plantae" "Chlorophyta" "Chlorophyceae" "Sphaeropleales" "Characiaceae" "Ankyra" "Ankyra"
"SCEN API" "Plantae" "Chlorophyta" "Chlorophyceae" "Sphaeropleales" "Scenedesmaceae" "Scenedesmus" "Scenedesmus apiculatus"
"LAGE GEN" "Plantae" "Chlorophyta" "Trebouxiophyceae" "Chlorellales" "Oocystaceae" "Lagerheimia" "Lagerheimia genevensis"
"COCCCYA1" "Bacteria" "Cyanobacteria" "Cyanophyceae" "Chroococcales" "" "" "Chroococcales"
"GEIT SPL" "Bacteria" "Cyanobacteria" "Cyanophyceae" "Pseudanabaenales" "Pseudanabaenaceae" "Geitlerinema" "Geitlerinema splendidum"
"APHA PAR" "Bacteria" "Cyanobacteria" "Cyanophyceae" "Synechococcales" "Merismopediaceae" "Aphanocapsa" "Aphanocapsa parasitica"
"COSMARI3" "Plantae" "Charophyta" "Zygnematophyceae" "Desmidiales" "Desmidiaceae" "Cosmarium" "Cosmarium"
"CHLAMYD7" "Plantae" "Chlorophyta" "Chlorophyceae" "Chlamydomonadales" "Chlamydomonadaceae" "Chlamydomonas" "Chlamydomonas"
"SCEN ABU" "Plantae" "Chlorophyta" "Chlorophyceae" "Sphaeropleales" "Scenedesmaceae" "Scenedesmus" "Scenedesmus abundans"
"SCEN ACT" "Plantae" "Chlorophyta" "Chlorophyceae" "Sphaeropleales" "Scenedesmaceae" "Scenedesmus" "Scenedesmus acutiformis"
"STIC BAC" "Plantae" "Chlorophyta" "Trebouxiophyceae" "Prasiolales" "Prasiolaceae" "Stichococcus" "Stichococcus bacillaris"
"MONOSIGA" "Protozoa" "Choanozoa" "Choanoflagellatea" "Craspedida" "Codonosigaceae" "Monosiga" "Monosiga"
"GYMNODI9" "Protozoa" "Myzozoa" "Dinophyceae" "Gymnodiniales" "Gymnodiniaceae" "Gymnodinium" "Gymnodinium"
"ANAB CRA" "Bacteria" "Cyanobacteria" "Cyanophyceae" "Nostocales" "Nostocaceae" "Dolichospermum" "Dolichospermum crassum"
"ANAB FLO" "Bacteria" "Cyanobacteria" "Cyanophyceae" "Nostocales" "Nostocaceae" "Dolichospermum" "Dolichospermum flos-aquae"
"ANAB PLA" "Bacteria" "Cyanobacteria" "Cyanophyceae" "Nostocales" "Nostocaceae" "Dolichospermum" "Dolichospermum planctonicum"
"CYAT TRU" "Chromista" "Cryptophyta" "Cryptophyceae" "Cryptomonadales" "Cryptomonadaceae" "Goniomonas" "Goniomonas truncata"
"STAU LUN" "Plantae" "Charophyta" "Zygnematophyceae" "Desmidiales" "Desmidiaceae" "Staurastrum" "Staurastrum lunatum"
"SCOU COR" "Plantae" "Chlorophyta" "Pedinophyceae" "Scourfieldiales" "Scourfieldiaceae" "Scourfieldia" "Scourfieldia cordiformis"
"CLST ACI" "Plantae" "Chlorophyta" "Trebouxiophyceae" "Chlorellales" "Chlorellaceae" "Closteriopsis" "Closteriopsis acicularis"
"STAD DAP" "Plantae" "Charophyta" "Zygnematophyceae" "Desmidiales" "Desmidiaceae" "Staurodesmus" "Staurodesmus dejectus var. apiculatus"
"UBESTBGR" "Plantae" "Chlorophyta" "Chlorophyceae" "" "" "" "Chlorophyceae"
"SCENEDEX" "Plantae" "Chlorophyta" "Chlorophyceae" "Sphaeropleales" "Scenedesmaceae" "Scenedesmus" "Scenedesmus"
"CRYX VUL" "Chromista" "Cryptophyta" "Cryptophyceae" "Cryptomonadales" "Cryptomonadaceae" "Cryptaulax" "Cryptaulax vulgaris"
"CYANOBAX" "Bacteria" "Cyanobacteria" "Cyanophyceae" "" "" "" "Cyanophyceae"
"PSEUDKEZ" "Chromista" "Ochrophyta" "Chrysophyceae" "Chromulinales" "Dinobryaceae" "Pseudokephyrion" "Pseudokephyrion"
"ELAK VIR" "Plantae" "Charophyta" "Klebsormidiophyceae" "Klebsormidiales" "Elakatotrichaceae" "Elakatothrix" "Elakatothrix viridis"
"STAD INC" "Plantae" "Charophyta" "Zygnematophyceae" "Desmidiales" "Desmidiaceae" "Staurodesmus" "Staurodesmus incus"
"APTHECEZ" "Bacteria" "Cyanobacteria" "Cyanophyceae" "Chroococcales" "Cyanobacteriaceae" "Aphanothece" "Aphanothece"
"GOMP APO" "Bacteria" "Cyanobacteria" "Cyanophyceae" "Chroococcales" "Gomphosphaeriaceae" "Gomphosphaeria" "Gomphosphaeria aponina"
"KEPHYRI1" "Chromista" "Ochrophyta" "Chrysophyceae" "Chromulinales" "Dinobryaceae" "Kephyrion" "Kephyrion"
"SCOURFIZ" "Plantae" "Chlorophyta" "Pedinophyceae" "Scourfieldiales" "Scourfieldiaceae" "Scourfieldia" "Scourfieldia"
"EUAS ELE" "Plantae" "Charophyta" "Zygnematophyceae" "Desmidiales" "Desmidiaceae" "Euastrum" "Euastrum elegans"
"EUAS BID" "Plantae" "Charophyta" "Zygnematophyceae" "Desmidiales" "Desmidiaceae" "Euastrum" "Euastrum bidentatum"
"ANAB VIG" "Bacteria" "Cyanobacteria" "Cyanophyceae" "Nostocales" "Nostocaceae" "Dolichospermum" "Dolichospermum viguieri"
"CARTERI2" "Plantae" "Chlorophyta" "Chlorophyceae" "Chlamydomonadales" "Chlamydomonadaceae" "Carteria" "Carteria"
"MICR AER" "Bacteria" "Cyanobacteria" "Cyanophyceae" "Chroococcales" "Microcystaceae" "Microcystis" "Microcystis aeruginosa"
"MICR FLO" "Bacteria" "Cyanobacteria" "Cyanophyceae" "Chroococcales" "Microcystaceae" "Microcystis" "Microcystis flos-aquae"
"MICR SMI" "Bacteria" "Cyanobacteria" "Cyanophyceae" "Chroococcales" "Microcystaceae" "Microcystis" "Microcystis smithii"
"MICR WES" "Bacteria" "Cyanobacteria" "Cyanophyceae" "Chroococcales" "Microcystaceae" "Microcystis" "Microcystis wesenbergii"
"ANAB MAC" "Bacteria" "Cyanobacteria" "Cyanophyceae" "Nostocales" "Nostocaceae" "Dolichospermum" "Dolichospermum macrosporum"
"PLAL CON" "Bacteria" "Cyanobacteria" "Cyanophyceae" "Pseudanabaenales" "Pseudanabaenaceae" "Planktolyngbya" "Planktolyngbya contorta"
"MALLOMO2" "Chromista" "Ochrophyta" "Synurophyceae" "Synurales" "Mallomonadaceae" "Mallomonas" "Mallomonas"
"STAU PAP" "Plantae" "Charophyta" "Zygnematophyceae" "Desmidiales" "Desmidiaceae" "Staurastrum" "Staurastrum paradoxum var. parvum"
"TREB SCH" "Plantae" "Chlorophyta" "Chlorophyceae" "Chlorococcales" "Treubariaceae" "Treubaria" "Treubaria schmidlei"
"SCEN QUA" "Plantae" "Chlorophyta" "Chlorophyceae" "Sphaeropleales" "Scenedesmaceae" "Scenedesmus" "Scenedesmus quadricauda"
"SCEN SUB" "Plantae" "Chlorophyta" "Chlorophyceae" "Sphaeropleales" "Scenedesmaceae" "Scenedesmus" "Scenedesmus subspicatus"
"FRAN DRO" "Plantae" "Chlorophyta" "Trebouxiophyceae" "Chlorellales" "Oocystaceae" "Franceia" "Franceia droescheri"
"LAGE CIL" "Plantae" "Chlorophyta" "Trebouxiophyceae" "Chlorellales" "Oocystaceae" "Lagerheimia" "Lagerheimia ciliata"
"PERI ELP" "Protozoa" "Myzozoa" "Dinophyceae" "Peridiniales" "Peridiniaceae" "Peridiniopsis" "Peridiniopsis elpatiewskyi"
"CHILOMOZ" "Chromista" "Cryptophyta" "Cryptophyceae" "Cryptomonadales" "Campylomonadaceae" "Chilomonas" "Chilomonas"
"MALL CRA" "Chromista" "Ochrophyta" "Synurophyceae" "Synurales" "Mallomonadaceae" "Mallomonas" "Mallomonas crassisquama"
"CLOS PRO" "Plantae" "Charophyta" "Zygnematophyceae" "Desmidiales" "Closteriaceae" "Closterium" "Closterium pronum"
"TRAC BER" "Protozoa" "Euglenozoa" "Euglenophyceae" "Euglenales" "Euglenaceae" "Trachelomonas" "Trachelomonas bernardinensis"
"SNOW SER" "Bacteria" "Cyanobacteria" "Cyanophyceae" "Synechococcales" "Merismopediaceae" "Snowella" "Snowella septentrionalis"
"RHIZOSZZ" "Chromista" "Ochrophyta" "Bacillariophyceae" "Rhizosoleniales" "Rhizosoleniaceae" "Urosolenia" "Urosolenia"
"LIMN VAC" "Bacteria" "Cyanobacteria" "Cyanophyceae" "Pseudanabaenales" "Pseudanabaenaceae" "Limnothrix" "Limnothrix vacuolifera"
"ROME GRA" "Bacteria" "Cyanobacteria" "Cyanophyceae" "Pseudanabaenales" "Pseudanabaenaceae" "Romeria" "Romeria gracilis"
"APHA CON" "Bacteria" "Cyanobacteria" "Cyanophyceae" "Synechococcales" "Merismopediaceae" "Aphanocapsa" "Aphanocapsa conferta"
"SNOW LIT" "Bacteria" "Cyanobacteria" "Cyanophyceae" "Synechococcales" "Merismopediaceae" "Snowella" "Snowella litoralis"
"TABE FEN" "Chromista" "Ochrophyta" "Bacillariophyceae" "Tabellariales" "Tabellariaceae" "Tabellaria" "Tabellaria fenestrata"
"TABE FLT" "Chromista" "Ochrophyta" "Bacillariophyceae" "Tabellariales" "Tabellariaceae" "Tabellaria" "Tabellaria flocculosa var. teilingii"
"CHRYS AM" "Chromista" "Ochrophyta" "Chrysophyceae" "Chromulinales" "Chrysamoebaceae" "Chrysamoeba" "Chrysamoeba mikrokonta"
"CRUL CRU" "Plantae" "Chlorophyta" "Trebouxiophyceae" "Chlorellales" "Oocystaceae" "Crucigeniella" "Crucigeniella crucifera"
"NITZSCH1" "Chromista" "Ochrophyta" "Bacillariophyceae" "Bacillariales" "Bacillariaceae" "Nitzschia" "Nitzschia"
"COSM MEN" "Plantae" "Charophyta" "Zygnematophyceae" "Desmidiales" "Desmidiaceae" "Cosmarium" "Cosmarium meneghinii"
"GLOEOTIZ" "Plantae" "Chlorophyta" "Trebouxiophyceae" "Chlorellales" "Chlorellaceae" "Gloeotila" "Gloeotila"
"SALP VAR" "Protozoa" "Choanozoa" "Choanoflagellatea" "Craspedida" "Salpingoecaceae" "Salpingoeca" "Salpingoeca variabilis"
"BITR LON" "Chromista" "Ochrophyta" "Chrysophyceae" "Hibberdiales" "Stylococcaceae" "Bitrichia" "Bitrichia longispina"
"MALL TON" "Chromista" "Ochrophyta" "Synurophyceae" "Synurales" "Mallomonadaceae" "Mallomonas" "Mallomonas tonsurata"
"COSM REN" "Plantae" "Charophyta" "Zygnematophyceae" "Desmidiales" "Desmidiaceae" "Cosmarium" "Cosmarium reniforme"
"TELONEMA" "Protozoa" "Telonemia" "Incertae sedis" "Incertae sedis" "Incertae sedis" "Telonema" "Telonema"
"STEP HAP" "Chromista" "Ochrophyta" "Bacillariophyceae" "Thalassiosirales" "Stephanodiscaceae" "Stephanodiscus" "Stephanodiscus hantzschii var. pusillus"
"APHANIZZ" "Bacteria" "Cyanobacteria" "Cyanophyceae" "Nostocales" "Nostocaceae" "Aphanizomenon" "Aphanizomenon"
"EPIPYXIZ" "Chromista" "Ochrophyta" "Chrysophyceae" "Chromulinales" "Dinobryaceae" "Epipyxis" "Epipyxis"
"NEPH LIM" "Plantae" "Chlorophyta" "Trebouxiophyceae" "Chlorellales" "Oocystaceae" "Nephrocytium" "Nephrocytium limneticum"
"STAD VAL" "Plantae" "Charophyta" "Conjugatophyceae" "Desmidiales" "Desmidiaceae" "Staurodesmus" "Staurodesmus validus"
"STIS SUB" "Plantae" "Charophyta" "Klebsormidiophyceae" "Klebsormidiales" "Klebsormidiaceae" "Klebsormidium" "Klebsormidium subtile"
"STAURDEZ" "Plantae" "Charophyta" "Zygnematophyceae" "Desmidiales" "Desmidiaceae" "Staurodesmus" "Staurodesmus"
"TETS KOM" "Plantae" "Chlorophyta" "Chlorophyceae" "Sphaeropleales" "Scenedesmaceae" "Tetrastrum" "Tetrastrum komarekii"
"STAU SEX" "Plantae" "Charophyta" "Zygnematophyceae" "Desmidiales" "Desmidiaceae" "Staurastrum" "Staurastrum sexangulare"
"XANT ANT" "Plantae" "Charophyta" "Zygnematophyceae" "Desmidiales" "Desmidiaceae" "Xanthidium" "Xanthidium antilopaeum"
"PHAC TOR" "Protozoa" "Euglenozoa" "Euglenophyceae" "Euglenales" "Phacaceae" "Phacus" "Phacus tortus"
"APTH SMI" "Bacteria" "Cyanobacteria" "Cyanophyceae" "Synechococcales" "Synechococcaceae" "Anathece" "Anathece smithii"
"CRYPTOM6" "Chromista" "Cryptophyta" "Cryptophyceae" "Cryptomonadales" "Cryptomonadaceae" "Cryptomonas" "Cryptomonas"
"DINO HIL" "Chromista" "Ochrophyta" "Chrysophyceae" "Chromulinales" "Dinobryaceae" "Dinobryon" "Dinobryon hilliardii"
"PLAN MOU" "Bacteria" "Cyanobacteria" "Cyanophyceae" "Oscillatoriales" "Phormidiaceae" "Planktothrix" "Planktothrix isothrix"
"STAU ARA" "Plantae" "Charophyta" "Zygnematophyceae" "Desmidiales" "Desmidiaceae" "Staurastrum" "Staurastrum arachne"
"STEL DIC" "Protozoa" "Choanozoa" "Choanoflagellatea" "Craspedida" "Salpingoecaceae" "Stelexomonas" "Stelexomonas dichotoma"
"CHRY PLA" "Chromista" "Ochrophyta" "Chrysophyceae" "Chromulinales" "Dinobryaceae" "Chrysolykos" "Chrysolykos planctonicus"
"STAURASZ" "Plantae" "Charophyta" "Zygnematophyceae" "Desmidiales" "Desmidiaceae" "Staurastrum" "Staurastrum"
"COSM CON" "Plantae" "Charophyta" "Zygnematophyceae" "Desmidiales" "Desmidiaceae" "Cosmarium" "Cosmarium contractum"
"ANKI FUS" "Plantae" "Chlorophyta" "Chlorophyceae" "Sphaeropleales" "Selenastraceae" "Ankistrodesmus" "Ankistrodesmus fusiformis"
"KIRC OBE" "Plantae" "Chlorophyta" "Chlorophyceae" "Sphaeropleales" "Selenastraceae" "Kirchneriella" "Kirchneriella obesa"
"PHAC PLE" "Protozoa" "Euglenozoa" "Euglenophyceae" "Euglenales" "Phacaceae" "Phacus" "Phacus pleuronectes"
"MONO MIN" "Plantae" "Chlorophyta" "Chlorophyceae" "Sphaeropleales" "Selenastraceae" "Monoraphidium" "Monoraphidium minutum"
"EUGLENA3" "Protozoa" "Euglenozoa" "Euglenophyceae" "Euglenales" "Euglenaceae" "Euglena" "Euglena"
"STEP HAN" "Chromista" "Ochrophyta" "Bacillariophyceae" "Thalassiosirales" "Stephanodiscaceae" "Stephanodiscus" "Stephanodiscus hantzschii"
"COCCOI10" "Plantae" "Chlorophyta" "" "" "" "" "Chlorophyta"
"EUNOTIAZ" "Chromista" "Ochrophyta" "Bacillariophyceae" "Eunotiales" "Eunotiaceae" "Eunotia" "Eunotia"
"PERI POL" "Protozoa" "Myzozoa" "Dinophyceae" "Peridiniales" "Peridiniaceae" "Peridiniopsis" "Peridiniopsis polonicum"
"CYCLOTE4" "Chromista" "Ochrophyta" "Bacillariophyceae" "Thalassiosirales" "Stephanodiscaceae" "Cyclotella" "Cyclotella"
"CENT BEL" "Chromista" "Ochrophyta" "Xanthophyceae" "Mischococcales" "Centritactaceae" "Centritractus" "Centritractus belenophorus"
"GONI SMI" "Chromista" "Ochrophyta" "Xanthophyceae" "Mischococcales" "Pleurochloridaceae" "Pseudogoniochloris" "Pseudogoniochloris tripus"
"SELE BIB" "Plantae" "Chlorophyta" "Chlorophyceae" "Sphaeropleales" "Selenastraceae" "Selenastrum" "Selenastrum bibraianum"
"DICT TEM" "Plantae" "Chlorophyta" "Trebouxiophyceae" "Chlorellales" "Chlorellaceae" "Dictyosphaerium" "Dictyosphaerium tetrachotomum var. minutum"
"EUGL OXY" "Protozoa" "Euglenozoa" "Euglenophyceae" "Euglenales" "Euglenaceae" "Euglena" "Euglena oxyuris"
"TRAC PLA" "Protozoa" "Euglenozoa" "Euglenophyceae" "Euglenales" "Euglenaceae" "Trachelomonas" "Trachelomonas planktonica"
"ANISONEM" "Protozoa" "Euglenozoa" "Euglenophyceae" "Euglenales" "Peranemataceae" "Anisonema" "Anisonema"
"COLA SIM" "Protozoa" "Euglenozoa" "Euglenophyceae" "incertae sedis" "Colaciaceae" "Colacium" "Colacium simplex"
"STAD SEL" "Plantae" "Charophyta" "Zygnematophyceae" "Desmidiales" "Desmidiaceae" "Staurodesmus" "Staurodesmus sellatus"
"SCEN OPO" "Plantae" "Chlorophyta" "Chlorophyceae" "Sphaeropleales" "Scenedesmaceae" "Scenedesmus" "Scenedesmus opoliensis"
"PEDI DUG" "Plantae" "Chlorophyta" "Chlorophyceae" "Sphaeropleales" "Hydrodictyaceae" "Pediastrum" "Pediastrum duplex var. gracillimum"
"PERIDIN4" "Protozoa" "Myzozoa" "Dinophyceae" "Peridiniales" "Peridiniaceae" "Peridinium" "Peridinium"
"BITR PHA" "Chromista" "Ochrophyta" "Chrysophyceae" "Hibberdiales" "Stylococcaceae" "Bitrichia" "Bitrichia phaseolus"
"COSMARI1" "Plantae" "Charophyta" "Zygnematophyceae" "Desmidiales" "Desmidiaceae" "Cosmarium" "Cosmarium"
"COSM SAX" "Plantae" "Charophyta" "Zygnematophyceae" "Desmidiales" "Desmidiaceae" "Cosmocladium" "Cosmocladium saxonicum"
"APHA GRA" "Bacteria" "Cyanobacteria" "Cyanophyceae" "Nostocales" "Nostocaceae" "Aphanizomenon" "Aphanizomenon gracile"
"PERIDIN5" "Protozoa" "Myzozoa" "Dinophyceae" "Peridiniales" "Peridiniaceae" "Peridinium" "Peridinium"
"GONI FAL" "Chromista" "Ochrophyta" "Xanthophyceae" "Mischococcales" "Pleurochloridaceae" "Pseudogoniochloris" "Pseudogoniochloris tripus"
"EUGLENA1" "Protozoa" "Euglenozoa" "Euglenophyceae" "Euglenales" "Euglenaceae" "Euglena" "Euglena"
"WORO COM" "Bacteria" "Cyanobacteria" "Cyanophyceae" "Chroococcales" "Gomphosphaeriaceae" "Woronichinia" "Woronichinia compacta"
"ANABAENZ" "Bacteria" "Cyanobacteria" "Cyanophyceae" "Nostocales" "Nostocaceae" "Dolichospermum" "Dolichospermum"
"CLOS ACA" "Plantae" "Charophyta" "Zygnematophyceae" "Desmidiales" "Closteriaceae" "Closterium" "Closterium acutum"
"COSM PUN" "Plantae" "Charophyta" "Zygnematophyceae" "Desmidiales" "Desmidiaceae" "Cosmarium" "Cosmarium punctulatum"
"STAU TEL" "Plantae" "Charophyta" "Zygnematophyceae" "Desmidiales" "Desmidiaceae" "Staurastrum" "Staurastrum teliferum"
"STAD AVE" "Plantae" "Charophyta" "Zygnematophyceae" "Desmidiales" "Desmidiaceae" "Staurodesmus" "Staurodesmus aversus"
"STAD MES" "Plantae" "Charophyta" "Zygnematophyceae" "Desmidiales" "Desmidiaceae" "Staurodesmus" "Staurodesmus megacanthus var. scoticus"
"HARI POL" "Plantae" "Chlorophyta" "Chlorophyceae" "Sphaeropleales" "Coelastroideae" "Hariotina" "Hariotina polychorda"
"COEL AST" "Plantae" "Chlorophyta" "Chlorophyceae" "Sphaeropleales" "Scenedesmaceae" "Coelastrum" "Coelastrum astroideum"
"COEL SPH" "Plantae" "Chlorophyta" "Chlorophyceae" "Sphaeropleales" "Scenedesmaceae" "Coelastrum" "Coelastrum sphaericum"
"SCEN DEN" "Plantae" "Chlorophyta" "Chlorophyceae" "Sphaeropleales" "Scenedesmaceae" "Scenedesmus" "Scenedesmus denticulatus"
"EUGLENA2" "Protozoa" "Euglenozoa" "Euglenophyceae" "Euglenales" "Euglenaceae" "Euglena" "Euglena"
"KATODINZ" "Protozoa" "Myzozoa" "Dinophyceae" "Gymnodiniales" "Gymnodiniaceae" "Katodinium" "Katodinium"
